Time Absolue, Heure actuelle, NumeroSequence, Tempo, Complexite
1748431415.179266000, 13:23:35.173275000, 5, 110, 3
1748431429.955779000, 13:23:49.951602000, 7, 90, 2
