Time Absolue, Heure actuelle, NumeroSequence, Tempo, Complexite
1734426068.010570700, 10:01:07.421131100, 15, 90, 3
1734426109.478148000, 10:01:48.321927500, 24, 90, 5
1734426143.240376400, 10:02:22.140074600, 26, 90, 3
