Time Absolue, Heure actuelle, NumeroSequence, Tempo, Complexite
1747909939.082510000, 12:32:19.079811000, 15, 90, 2
1747909957.157335000, 12:32:37.151774000, 13, 90, 2
