Time Absolue, Heure actuelle, NumeroSequence, Tempo, Complexite
1722005374.786149800, 16:49:34.340854800, 12, 90, 4
1722005415.814808000, 16:50:14.684821300, 5, 90, 5
