Time Absolue, Heure actuelle, NumeroSequence, Tempo, Complexite
1747906790.660776000, 11:39:50.654975000, 14, 110, 2
1747906804.677285000, 11:40:04.672238000, 18, 70, 2
