Time Absolue, Heure actuelle, NumeroSequence, Tempo, Complexite
1747921477.075193000, 15:44:37.068796000, 23, 70, 2
1747921498.303314000, 15:44:58.297350000, 15, 110, 1
