Time Absolue, Heure actuelle, NumeroSequence, Tempo, Complexite
1745935678.298195000, 16:07:58.291402000, 5, 110, 2
1745935694.271818000, 16:08:14.265970000, 18, 70, 2
