Time Absolue, Heure actuelle, NumeroSequence, Tempo, Complexite
1745918675.915152400, 11:24:35.861542400, 18, 110, 3
1745918701.801228400, 11:25:01.750665900, 9, 70, 5
1745918738.426483900, 11:25:38.366042700, 3, 110, 4
