Time Absolue, Heure actuelle, NumeroSequence, Tempo, Complexite
1745917037.653338100, 10:57:17.608720200, 22, 90, 4
1745917070.229571700, 10:57:50.194366000, 20, 90, 4
1745917098.450514300, 10:58:18.408248800, 2, 90, 4
1745917131.267779900, 10:58:51.219770900, 1, 90, 4
